-- ============================================================================
-- 최소 시드 데이터 (데모용)
-- ----------------------------------------------------------------------------
-- recover_schema.sql 실행 후 돌린다. 두 앱(모바일/웹)이 즉시 화면에 뜨도록
-- 마스터 + 환자 8명 + 오늘자 바이탈/알림을 넣는다. 날짜는 now() 기반이라
-- 실행일 기준 "오늘"로 잡힌다.
--   · 위험 사례: 최유나(고열)·남기훈(저산소) → 알림 생성 → v_dashboard_risk
--   · 미측정 사례: 정민재·고은성(오늘 바이탈 없음) → v_dashboard_unchecked
-- 로그인: admin / nurse1  (둘 다 비밀번호 1234)
-- 재실행 안전: 기존 시드를 지우고 다시 넣는다.
-- ============================================================================

truncate p_alminf, p_vtlinf, p_cowinf, p_cominf, p_patinf,
         m_bedmst, m_rommst, m_kcdmst, m_wadmst, m_depmst, m_uidmst restart identity cascade;

-- 부서
insert into m_depmst ("DepCod","DepName","DepStrDte","DepEndDte") values
  ('D1','내과','20200101','99991231'),
  ('D2','외과','20200101','99991231');

-- 사용자 (pw 1234 = SHA256 소문자 hex)
insert into m_uidmst ("UidCod","UidNam","UidDepCod","UidPwd","UidStrDte","UidEndDte") values
  ('admin','관리자','D1','03ac674216f3e15c761ee1a5e255f067953623c8b388b4459e13f978d7c846f4','20200101','99991231'),
  ('nurse1','이정민','D1','03ac674216f3e15c761ee1a5e255f067953623c8b388b4459e13f978d7c846f4','20200101','99991231');

-- 병동
insert into m_wadmst ("WadCod","WadNam","WadStrDte","WadEndDte") values
  ('05','5병동','20200101','99991231'),
  ('06','6병동','20200101','99991231');

-- 병실
insert into m_rommst ("RomCod","RomWadCod","RomNam","RomStrDte","RomEndDte") values
  ('0501','05','501호','20200101','99991231'),
  ('0502','05','502호','20200101','99991231'),
  ('0503','05','503호','20200101','99991231'),
  ('0601','06','601호','20200101','99991231'),
  ('0602','06','602호','20200101','99991231');

-- 병상
insert into m_bedmst ("BedCod","BedWadCod","BedRomCod","BedNam","BedStrDte","BedEndDte") values
  ('B0501A','05','0501','501-A','20200101','99991231'),
  ('B0502A','05','0502','502-A','20200101','99991231'),
  ('B0503A','05','0503','503-A','20200101','99991231'),
  ('B0503B','05','0503','503-B','20200101','99991231'),
  ('B0601A','06','0601','601-A','20200101','99991231'),
  ('B0602A','06','0602','602-A','20200101','99991231');

-- 진단코드
insert into m_kcdmst ("KcdCod","KcdNam","KcdStrDte","KcdEndDte") values
  ('J18','폐렴','20200101','99991231'),
  ('I10','고혈압','20200101','99991231');

-- 환자
insert into p_patinf ("PatChtnum","PatNam","PatResNum","PatBthday","PatGender") values
  (1001,'김서준','700101-1******','1970-01-01','남'),
  (1002,'이하윤','850315-2******','1985-03-15','여'),
  (1003,'박도현','680722-1******','1968-07-22','남'),
  (1004,'최유나','921103-2******','1992-11-03','여'),
  (1005,'정민재','591230-1******','1959-12-30','남'),
  (1006,'남기훈','780505-1******','1978-05-05','남'),
  (1007,'전보라','830210-2******','1983-02-10','여'),
  (1008,'고은성','750909-1******','1975-09-09','남');

-- 입원 접수 (모두 입원 I / 진행 IAD)
insert into p_cominf ("ComChtNum","ComPatTyp","ComPrgStt","ComAcpDtm","ComLevDtm","ComUidCod","ComKcdCod","ComTrsDtm") values
  (1001,'I','IAD','2026-07-01 10:00:00',null,'admin','J18',null),
  (1002,'I','IAD','2026-07-02 11:00:00',null,'admin','I10',null),
  (1003,'I','IAD','2026-07-03 09:30:00',null,'admin','J18',null),
  (1004,'I','IAD','2026-07-04 14:20:00',null,'admin','J18',null),
  (1005,'I','IAD','2026-07-05 08:10:00',null,'admin','I10',null),
  (1006,'I','IAD','2026-07-02 16:40:00',null,'admin','J18',null),
  (1007,'I','IAD','2026-07-06 12:00:00',null,'admin','I10',null),
  (1008,'I','IAD','2026-07-06 13:30:00',null,'admin','J18',null);

-- 병상 배정 (Comnum 은 identity 라 차트번호로 역참조)
insert into p_cowinf ("CowComNum","CowStrDtm","CowEndDtm","CowWadCod","CowRomCod","CowBedCod","CowUpdDtf","CowUpdUid")
select c."Comnum", c."ComAcpDtm", null, m.wad, m.rom, m.bed, c."ComAcpDtm", 'admin'
from p_cominf c
join (values
  (1001,'05','0501','B0501A'),
  (1002,'05','0502','B0502A'),
  (1003,'05','0503','B0503A'),
  (1004,'05','0503','B0503B'),
  (1005,'05','0501','B0501A'),
  (1006,'06','0601','B0601A'),
  (1007,'06','0602','B0602A'),
  (1008,'06','0601','B0601A')
) as m(cht, wad, rom, bed) on m.cht = c."ComChtNum";

-- 오늘자 바이탈 (EAV). 정민재(1005)·고은성(1008)은 일부러 제외 → 미측정.
-- 최유나(1004) 고열 / 남기훈(1006) 저산소 → 위험.
insert into p_vtlinf ("VtlChtNum","VtlSign","VtlValue","VtlUpdDtf","VtlUpdUid")
select cht, sign, val, to_char(now(),'YYYY-MM-DD')||' 09:30', 'nurse1'
from (values
  (1001,'체온','36.6'),(1001,'혈압','120/78'),(1001,'맥박','72'),(1001,'호흡수','16'),(1001,'산소포화도','98'),
  (1002,'체온','36.8'),(1002,'혈압','118/76'),(1002,'맥박','80'),(1002,'호흡수','17'),(1002,'산소포화도','99'),
  (1003,'체온','37.0'),(1003,'혈압','132/84'),(1003,'맥박','88'),(1003,'호흡수','18'),(1003,'산소포화도','97'),
  (1004,'체온','39.2'),(1004,'혈압','128/82'),(1004,'맥박','118'),(1004,'호흡수','23'),(1004,'산소포화도','93'),
  (1006,'체온','37.4'),(1006,'혈압','126/80'),(1006,'맥박','116'),(1006,'호흡수','24'),(1006,'산소포화도','88'),
  (1007,'체온','36.5'),(1007,'혈압','115/72'),(1007,'맥박','76'),(1007,'호흡수','16'),(1007,'산소포화도','99')
) as v(cht, sign, val);

-- 위험 알림 (최유나 Critical 고열 / 남기훈 Critical 저산소)
insert into p_alminf ("AlmChtNum","AlmTyp","AlmMessage","AlmCreateDtf","AlmCreateUid","TargetDepCod","TargetWadCod")
values
  (1004,'Critical','체온 39.2°C (심각: 39.0°C 초과)', to_char(now(),'YYYY-MM-DD HH24:MI:SS'),'nurse1','D1','05'),
  (1006,'Critical','산소포화도 88% (심각: 90% 미만)', to_char(now(),'YYYY-MM-DD HH24:MI:SS'),'nurse1','D1','06');
